{"cameraMode":{"drawMode":0,"name":"Shaded","section":"Shading Mode"},"sceneLighting":false,"audioPlay":false,"sceneViewState":{"showFog":true,"showMaterialUpdate":true,"showSkybox":false,"showFlares":true,"showImageEffects":true,"showParticleSystems":true},"in2DMode":false,"pivot":{"x":4.164276599884033,"y":0.00009746849536895752,"z":-1.2356295585632325},"rotation":{"x":0.03644983097910881,"y":0.7366694211959839,"z":-0.039814695715904239,"w":0.6740952730178833},"size":2.8578836917877199,"orthographic":true}