{"cameraMode":{"drawMode":0,"name":"Shaded","section":"Shading Mode"},"sceneLighting":false,"audioPlay":false,"sceneViewState":{"showFog":true,"showMaterialUpdate":false,"showSkybox":false,"showFlares":true,"showImageEffects":true,"showParticleSystems":true},"in2DMode":false,"pivot":{"x":0.37246036529541018,"y":-4.829999923706055,"z":-0.8054447174072266},"rotation":{"x":0.2666292190551758,"y":-0.6098997592926025,"z":0.22894331812858582,"w":0.7102929949760437},"size":23.39278793334961,"orthographic":true}