{"cameraMode":{"drawMode":0,"name":"Shaded","section":"Shading Mode"},"sceneLighting":false,"audioPlay":false,"sceneViewState":{"showFog":true,"showMaterialUpdate":true,"showSkybox":false,"showFlares":true,"showImageEffects":true,"showParticleSystems":true},"in2DMode":false,"pivot":{"x":33.44923782348633,"y":2.2109978199005129,"z":41.850563049316409},"rotation":{"x":-0.21530289947986604,"y":0.7471084594726563,"z":-0.2876371145248413,"w":-0.5592302680015564},"size":0.6865929961204529,"orthographic":true}