{"cameraMode":{"drawMode":0,"name":"Shaded","section":"Shading Mode"},"sceneLighting":false,"audioPlay":false,"sceneViewState":{"showFog":true,"showMaterialUpdate":true,"showSkybox":false,"showFlares":true,"showImageEffects":true,"showParticleSystems":true},"in2DMode":false,"pivot":{"x":-0.072540283203125,"y":1.480010986328125,"z":2.0450000762939455},"rotation":{"x":-0.27398061752319338,"y":-0.5863543152809143,"z":0.22008982300758363,"w":-0.7298519015312195},"size":239.04541015625,"orthographic":true}