{"cameraMode":{"drawMode":0,"name":"Shaded","section":"Shading Mode"},"sceneLighting":false,"audioPlay":false,"sceneViewState":{"showFog":true,"showMaterialUpdate":true,"showSkybox":false,"showFlares":true,"showImageEffects":true,"showParticleSystems":true},"in2DMode":false,"pivot":{"x":43.845985412597659,"y":2.0299999713897707,"z":46.49900436401367},"rotation":{"x":-0.21871094405651093,"y":0.011455012485384941,"z":-0.002568538999184966,"w":-0.975719153881073},"size":0.7144709229469299,"orthographic":true}