{"cameraMode":{"drawMode":0,"name":"Shaded","section":"Shading Mode"},"sceneLighting":false,"audioPlay":false,"sceneViewState":{"showFog":true,"showMaterialUpdate":true,"showSkybox":false,"showFlares":true,"showImageEffects":true,"showParticleSystems":true},"in2DMode":false,"pivot":{"x":34.503971099853519,"y":2.0299997329711916,"z":20.078022003173829},"rotation":{"x":0.3744288682937622,"y":0.6213768124580383,"z":-0.5303183197975159,"w":0.43869855999946597},"size":0.7144709229469299,"orthographic":true}