{"cameraMode":{"drawMode":0,"name":"Shaded","section":"Shading Mode"},"sceneLighting":false,"audioPlay":false,"sceneViewState":{"showFog":true,"showMaterialUpdate":true,"showSkybox":false,"showFlares":true,"showImageEffects":true,"showParticleSystems":true},"in2DMode":false,"pivot":{"x":-0.07255315780639649,"y":1.4799995422363282,"z":2.0450000762939455},"rotation":{"x":-0.18593327701091767,"y":-0.7074998021125794,"z":0.20197869837284089,"w":-0.6512122750282288},"size":57.17612838745117,"orthographic":true}