{"cameraMode":{"drawMode":0,"name":"Shaded","section":"Shading Mode"},"sceneLighting":true,"audioPlay":false,"sceneViewState":{"showFog":true,"showMaterialUpdate":true,"showSkybox":true,"showFlares":true,"showImageEffects":true,"showParticleSystems":true},"in2DMode":false,"pivot":{"x":0.8711470365524292,"y":0.4316272735595703,"z":0.8489037156105042},"rotation":{"x":-0.0781087651848793,"y":0.8677312731742859,"z":-0.1444925218820572,"w":-0.4691092371940613},"size":1.5686835050582886,"orthographic":true}